836138,www.ur7.us
168425,www.parseplatform.org
116900,www.jinhongchina.com
364561,www.sjmc.hk
889228,www.fbetpay.com
964881,www.powerliftingtechnique.com
106721,www.blinn.edu
284128,www.datarecovery.com
776562,www.udntv.com.tw
110573,www.thc.org
270820,www.terramadresalonedelgusto.com
301580,www.zlgmcu.com
711878,www.kinesissurvey.com
777951,www.finunited.com
582115,www.dyypos.com
580978,www.presszoom.com
732888,www.marcelawandenkolk.com.br
174891,www.neighbor.com
778077,www.kpm-berlin.com
27061,www.timeinc.com
100966,www.ticketmaster.se
172861,www.sloansportsconference.com
983172,www.brilliant-study.uz
250840,www.comau.com
363971,www.phocassoftware.com
196198,www.ceoxaydung.com.vn
982816,www.http2.pro
283284,www.helikon.bg
418216,www.jeuxdefriv250.net
890441,www.skullspiration.com
